archetype,age_start,wage_uf,density,initial_balance_uf,observed_fund,month,year,observed_balance_uf,what_if_balance_uf,delta_uf,what_if_fund
Joven en Fondo C,28,35.0,1.0,10.0,C,0,0.0,10.0,10.0,0.0,A
Joven en Fondo C,28,35.0,1.0,10.0,C,1,0.08333333333333333,13.57641,13.617180000000001,0.04077000000000197,A
Joven en Fondo C,28,35.0,1.0,10.0,C,2,0.16666666666666666,17.188433055087142,17.28833076561348,0.09989771052633856,A
Joven en Fondo C,28,35.0,1.0,10.0,C,3,0.25,20.833807174453906,21.00907245871911,0.1752652842652047,A
Joven en Fondo C,28,35.0,1.0,10.0,C,4,0.3333333333333333,24.50898510791656,24.773196523036326,0.2642114151197674,A
Joven en Fondo C,28,35.0,1.0,10.0,C,5,0.4166666666666667,28.21232711921731,28.57839295616787,0.36606583695056116,A
Joven en Fondo C,28,35.0,1.0,10.0,C,6,0.5,31.946376942833908,32.430340750199974,0.4839638073660666,A
Joven en Fondo C,28,35.0,1.0,10.0,C,7,0.5833333333333334,35.71794683427816,36.34285392928375,0.6249070950055895,A
Joven en Fondo C,28,35.0,1.0,10.0,C,8,0.6666666666666666,39.53558439898678,40.33328246126839,0.7976980622816114,A
Joven en Fondo C,28,35.0,1.0,10.0,C,9,0.75,43.40509440947396,44.414329098399605,1.0092346889256447,A
Joven en Fondo C,28,35.0,1.0,10.0,C,10,0.8333333333333334,47.324704136456745,48.585060450148205,1.2603563136914602,A
Joven en Fondo C,28,35.0,1.0,10.0,C,11,0.9166666666666666,51.28184200405552,52.82460195592316,1.5427599518676374,A
Joven en Fondo C,28,35.0,1.0,10.0,C,12,1.0,55.253186737921126,57.09158656236181,1.8383998244406854,A
Joven en Fondo C,28,35.0,1.0,10.0,C,13,1.0833333333333333,59.20867032795678,61.330865418071944,2.122195090115163,A
Joven en Fondo C,28,35.0,1.0,10.0,C,14,1.1666666666666667,63.11871181319346,65.48650502733898,2.3677932141455216,A
Joven en Fondo C,28,35.0,1.0,10.0,C,15,1.25,66.9625668919715,69.51736852319642,2.554801631224919,A
Joven en Fondo C,28,35.0,1.0,10.0,C,16,1.3333333333333333,70.73489348060421,73.40980490125952,2.674911420655306,A
Joven en Fondo C,28,35.0,1.0,10.0,C,17,1.4166666666666667,74.44793447247821,77.18232639833802,2.7343919258598106,A
Joven en Fondo C,28,35.0,1.0,10.0,C,18,1.5,78.12813794600828,80.87988270162985,2.751744755621573,A
Joven en Fondo C,28,35.0,1.0,10.0,C,19,1.5833333333333333,81.80803906868569,84.55930987021168,2.7512708015259904,A
Joven en Fondo C,28,35.0,1.0,10.0,C,20,1.6666666666666667,85.51598359379147,88.27088094839787,2.754897354606399,A
Joven en Fondo C,28,35.0,1.0,10.0,C,21,1.75,89.26710809693316,92.04225119951147,2.775143102578312,A
Joven en Fondo C,28,35.0,1.0,10.0,C,22,1.8333333333333333,93.05868306526392,95.87027285225876,2.811589786994844,A
Joven en Fondo C,28,35.0,1.0,10.0,C,23,1.9166666666666667,96.87164368474954,99.72375506549326,2.8521113807437217,A
Joven en Fondo C,28,35.0,1.0,10.0,C,24,2.0,100.67824294462494,103.55697053719506,2.8787275925701152,A
Joven en Fondo C,28,35.0,1.0,10.0,C,25,2.0833333333333335,93.6118699914441,87.83301822480372,-5.778851766640372,A
Joven en Fondo C,28,35.0,1.0,10.0,C,26,2.1666666666666665,93.0541238798528,84.47284655227524,-8.581277327577553,A
Joven en Fondo C,28,35.0,1.0,10.0,C,27,2.25,100.99518104714467,94.89001014580025,-6.105170901344422,A
Joven en Fondo C,28,35.0,1.0,10.0,C,28,2.3333333333333335,107.62722103152662,103.37912836250071,-4.248092669025908,A
Joven en Fondo C,28,35.0,1.0,10.0,C,29,2.4166666666666665,111.39552465549991,107.15725194755997,-4.238272707939942,A
Joven en Fondo C,28,35.0,1.0,10.0,C,30,2.5,115.28015120074355,111.1381794271237,-4.141971773619844,A
Joven en Fondo C,28,35.0,1.0,10.0,C,31,2.5833333333333335,119.32668964285382,115.39727085825884,-3.9294187845949864,A
Joven en Fondo C,28,35.0,1.0,10.0,C,32,2.6666666666666665,123.55878785868845,119.97241636814466,-3.586371490543783,A
Joven en Fondo C,28,35.0,1.0,10.0,C,33,2.75,127.97193732331094,124.8536808890969,-3.1182564342140324,A
Joven en Fondo C,28,35.0,1.0,10.0,C,34,2.8333333333333335,132.53514488323287,129.98576636127052,-2.5493785219623533,A
Joven en Fondo C,28,35.0,1.0,10.0,C,35,2.9166666666666665,137.20026773607273,135.283326721647,-1.9169410144257313,A
Joven en Fondo C,28,35.0,1.0,10.0,C,36,3.0,141.9164079586955,140.6554319606446,-1.2609759980508954,A
Joven en Fondo C,28,35.0,1.0,10.0,C,37,3.0833333333333335,146.6448799369755,146.03197708255954,-0.612902854415978,A
Joven en Fondo C,28,35.0,1.0,10.0,C,38,3.1666666666666665,151.3696287053364,151.38303654420665,0.013407838870250544,A
Joven en Fondo C,28,35.0,1.0,10.0,C,39,3.25,156.09912878553104,156.72357203033704,0.6244432448060024,A
Joven en Fondo C,28,35.0,1.0,10.0,C,40,3.3333333333333335,160.8585836054679,162.10068561606883,1.2421020106009166,A
Joven en Fondo C,28,35.0,1.0,10.0,C,41,3.4166666666666665,165.67470828586767,167.56700624120833,1.8922979553406662,A
Joven en Fondo C,28,35.0,1.0,10.0,C,42,3.5,170.5581728758758,173.14906117598565,2.590888300109839,A
Joven en Fondo C,28,35.0,1.0,10.0,C,43,3.5833333333333335,175.48989130044856,178.82162302119303,3.3317317207444717,A
Joven en Fondo C,28,35.0,1.0,10.0,C,44,3.6666666666666665,180.41645672918955,184.49765197671348,4.081195247523937,A
Joven en Fondo C,28,35.0,1.0,10.0,C,45,3.75,185.25744326958082,190.03924404464917,4.781800775068348,A
Joven en Fondo C,28,35.0,1.0,10.0,C,46,3.8333333333333335,189.9236459411989,195.28882085450383,5.365174913304912,A
Joven en Fondo C,28,35.0,1.0,10.0,C,47,3.9166666666666665,194.34151380457413,200.11278343620288,5.771269631628741,A
Joven en Fondo C,28,35.0,1.0,10.0,C,48,4.0,198.47626866655867,204.44408581287163,5.967817146312967,A
Joven en Fondo C,28,35.0,1.0,10.0,C,49,4.083333333333333,202.34579165403517,208.30858836728004,5.96279671324487,A
Joven en Fondo C,28,35.0,1.0,10.0,C,50,4.166666666666667,206.01994761899365,211.82461174140278,5.804664122409122,A
Joven en Fondo C,28,35.0,1.0,10.0,C,51,4.25,209.60489451787387,215.1747075235284,5.569813005654538,A
Joven en Fondo C,28,35.0,1.0,10.0,C,52,4.333333333333333,213.2171288724201,218.5589523769559,5.341823504535796,A
Joven en Fondo C,28,35.0,1.0,10.0,C,53,4.416666666666667,216.95539143779007,222.14522644817282,5.189835010382751,A
Joven en Fondo C,28,35.0,1.0,10.0,C,54,4.5,220.87896250564972,226.03185867943552,5.152896173785791,A
Joven en Fondo C,28,35.0,1.0,10.0,C,55,4.583333333333333,224.99858191289619,230.23305754087937,5.234475627983187,A
Joven en Fondo C,28,35.0,1.0,10.0,C,56,4.666666666666667,229.28233014294076,234.6904630753367,5.408132932395944,A
Joven en Fondo C,28,35.0,1.0,10.0,C,57,4.75,233.67445413684294,239.30695882256805,5.6325046857251095,A
Joven en Fondo C,28,35.0,1.0,10.0,C,58,4.833333333333333,238.1212659617372,243.99256374186987,5.8712977801326645,A
Joven en Fondo C,28,35.0,1.0,10.0,C,59,4.916666666666667,242.59582594282728,248.7079460907434,6.11212014791613,A
Joven en Fondo C,28,35.0,1.0,10.0,C,60,5.0,247.1130894029338,253.4907274390939,6.377638036160079,A
Joven en Fondo C,28,35.0,1.0,10.0,C,61,5.083333333333333,251.72999182092445,258.454614508628,6.724622687703572,A
Joven en Fondo C,28,35.0,1.0,10.0,C,62,5.166666666666667,256.52989407381574,263.7604762923665,7.230582218550751,A
Joven en Fondo C,28,35.0,1.0,10.0,C,63,5.25,261.5961253753651,269.5681613990699,7.9720360237047885,A
Joven en Fondo C,28,35.0,1.0,10.0,C,64,5.333333333333333,266.98303156876733,275.98409592461627,9.00106435584894,A
Joven en Fondo C,28,35.0,1.0,10.0,C,65,5.416666666666667,272.6937747466921,283.0206511173403,10.326876370648222,A
Joven en Fondo C,28,35.0,1.0,10.0,C,66,5.5,278.67215776740534,290.57972376799916,11.907566000593818,A
Joven en Fondo C,28,35.0,1.0,10.0,C,67,5.583333333333333,284.81175534548987,298.4667055034182,13.65495015792834,A
Joven en Fondo C,28,35.0,1.0,10.0,C,68,5.666666666666667,290.98060820017,306.4331617955377,15.452553595367704,A
Joven en Fondo C,28,35.0,1.0,10.0,C,69,5.75,297.05476061408336,314.2378721206305,17.183111506547164,A
Joven en Fondo C,28,35.0,1.0,10.0,C,70,5.833333333333333,302.95039334632514,321.7083492248512,18.757955878526047,A
Joven en Fondo C,28,35.0,1.0,10.0,C,71,5.916666666666667,308.6437873977092,328.7821218111204,20.1383344134112,A
Joven en Fondo C,28,35.0,1.0,10.0,C,72,6.0,314.1717290006147,335.51203753663555,21.34030853602087,A
Joven en Fondo C,28,35.0,1.0,10.0,C,73,6.083333333333333,278.9219285111398,266.04519959476625,-12.876728916373565,A
Joven en Fondo C,28,35.0,1.0,10.0,C,74,6.166666666666667,301.09940970066543,300.2302294738309,-0.8691802268345441,A
Joven en Fondo C,28,35.0,1.0,10.0,C,75,6.25,317.4280141530984,325.5056550580715,8.077640904973123,A
Joven en Fondo C,28,35.0,1.0,10.0,C,76,6.333333333333333,322.8840859742367,331.826336114717,8.942250140480269,A
Joven en Fondo C,28,35.0,1.0,10.0,C,77,6.416666666666667,328.3145160476108,338.08045069821617,9.765934650605345,A
Joven en Fondo C,28,35.0,1.0,10.0,C,78,6.5,333.60195085618915,344.0705662514299,10.46861539524076,A
Joven en Fondo C,28,35.0,1.0,10.0,C,79,6.583333333333333,338.6131204263961,349.5700803899466,10.956959963550503,A
Joven en Fondo C,28,35.0,1.0,10.0,C,80,6.666666666666667,343.2417435891455,354.3994373836938,11.157693794548265,A
Joven en Fondo C,28,35.0,1.0,10.0,C,81,6.75,347.44762903741207,358.4962601839448,11.048631146532728,A
Joven en Fondo C,28,35.0,1.0,10.0,C,82,6.833333333333333,351.2787051908537,361.9543779234389,10.675672732585213,A
Joven en Fondo C,28,35.0,1.0,10.0,C,83,6.916666666666667,354.86779840707203,365.0162494257546,10.148451018682579,A
Joven en Fondo C,28,35.0,1.0,10.0,C,84,7.0,358.4044789005497,368.02003633658825,9.615557436038557,A
Joven en Fondo C,28,35.0,1.0,10.0,C,85,7.083333333333333,362.0908050127297,371.5117998864535,9.420994873723828,B
Joven en Fondo C,28,35.0,1.0,10.0,C,86,7.166666666666667,366.09484767767634,375.45725330757307,9.362405629896728,B
Joven en Fondo C,28,35.0,1.0,10.0,C,87,7.25,370.5158732968212,379.98745647467496,9.471583177853745,B
Joven en Fondo C,28,35.0,1.0,10.0,C,88,7.333333333333333,375.3707580025179,385.11754160945975,9.746783606941847,B
Joven en Fondo C,28,35.0,1.0,10.0,C,89,7.416666666666667,380.604604532896,390.76282996093363,10.15822542803761,B
Joven en Fondo C,28,35.0,1.0,10.0,C,90,7.5,386.12156849252347,396.782834704883,10.661266212359521,B
Joven en Fondo C,28,35.0,1.0,10.0,C,91,7.583333333333333,391.82604038715976,403.0396360022725,11.213595615112752,B
Joven en Fondo C,28,35.0,1.0,10.0,C,92,7.666666666666667,397.6609274241922,409.45228605773536,11.791358633543155,B
Joven en Fondo C,28,35.0,1.0,10.0,C,93,7.75,403.63015453837653,416.0290438961455,12.398889357768951,B
Joven en Fondo C,28,35.0,1.0,10.0,C,94,7.833333333333333,409.7972054946342,422.86558258661904,13.068377091984814,B
Joven en Fondo C,28,35.0,1.0,10.0,C,95,7.916666666666667,416.2594119500993,430.10849131632585,13.849079366226533,B
Joven en Fondo C,28,35.0,1.0,10.0,C,96,8.0,423.1059963423267,437.89530357719167,14.789307234864964,B
Joven en Fondo C,28,35.0,1.0,10.0,C,97,8.083333333333334,430.3735059592003,446.29027898495644,15.916773025756129,B
Joven en Fondo C,28,35.0,1.0,10.0,C,98,8.166666666666666,438.0134389695378,455.23674693513857,17.22330796560078,B
Joven en Fondo C,28,35.0,1.0,10.0,C,99,8.25,445.88356404975633,464.542332863304,18.65876881354768,B
Joven en Fondo C,28,35.0,1.0,10.0,C,100,8.333333333333334,453.76783420084195,473.90460799306277,20.136773792220822,B
Joven en Fondo C,28,35.0,1.0,10.0,C,101,8.416666666666666,461.421421744319,482.97338665103337,21.551964906714375,B
Joven en Fondo C,28,35.0,1.0,10.0,C,102,8.5,468.6291050875665,491.4340089038369,22.80490381627044,B
Joven en Fondo C,28,35.0,1.0,10.0,C,103,8.583333333333334,475.2595178688669,499.0868395066136,23.827321637746707,B
Joven en Fondo C,28,35.0,1.0,10.0,C,104,8.666666666666666,481.2973526370435,505.8963902766821,24.599037639638595,B
Joven en Fondo C,28,35.0,1.0,10.0,C,105,8.75,486.8418501571935,511.99185710230864,25.150006945115138,B
Joven en Fondo C,28,35.0,1.0,10.0,C,106,8.833333333333334,492.0711787172246,517.6175534371176,25.546374719893038,B
Joven en Fondo C,28,35.0,1.0,10.0,C,107,8.916666666666666,497.1841833875537,523.0497943264417,25.865610938887983,B
Joven en Fondo C,28,35.0,1.0,10.0,C,108,9.0,502.33856679444074,528.5082652144209,26.169698419980193,B
Joven en Fondo C,28,35.0,1.0,10.0,C,109,9.083333333333334,507.605228801815,534.0906892449295,26.48546044311456,B
Joven en Fondo C,28,35.0,1.0,10.0,C,110,9.166666666666666,512.9528099573987,539.750972236387,26.798162278988343,B
Joven en Fondo C,28,35.0,1.0,10.0,C,111,9.25,518.2669861452478,545.3271799451442,27.06019379989641,B
Joven en Fondo C,28,35.0,1.0,10.0,C,112,9.333333333333334,523.3985659290303,550.6107557996833,27.212189870652992,B
Joven en Fondo C,28,35.0,1.0,10.0,C,113,9.416666666666666,528.2254475236042,555.4354979998458,27.210050476241577,B
Joven en Fondo C,28,35.0,1.0,10.0,C,114,9.5,532.7084492072084,559.7573163385711,27.048867131362613,B
Joven en Fondo C,28,35.0,1.0,10.0,C,115,9.583333333333334,536.9221088474557,563.6971676614166,26.77505881396098,B
Joven en Fondo C,28,35.0,1.0,10.0,C,116,9.666666666666666,541.0493338837199,567.5311200069277,26.481786123207826,B
Joven en Fondo C,28,35.0,1.0,10.0,C,117,9.75,545.3409730029845,571.6297792500595,26.28880624707506,B
Joven en Fondo C,28,35.0,1.0,10.0,C,118,9.833333333333334,550.0532717365197,576.3668123988579,26.31354066233814,B
Joven en Fondo C,28,35.0,1.0,10.0,C,119,9.916666666666666,555.3831060389819,582.0257640788227,26.642658039840853,B
Joven en Fondo C,28,35.0,1.0,10.0,C,120,10.0,561.4207756700549,588.7331554312044,27.312379761149487,B
Edad media en Fondo A,48,55.0,0.8,90.0,A,0,0.0,90.0,90.0,0.0,C
Edad media en Fondo A,48,55.0,0.8,90.0,A,1,0.08333333333333333,96.32894,96.04053,-0.28840999999999894,C
Edad media en Fondo A,48,55.0,0.8,90.0,A,2,0.16666666666666666,102.83426979391966,102.19386368958847,-0.6404061043311913,C
Edad media en Fondo A,48,55.0,0.8,90.0,A,3,0.25,109.46325820340984,108.42935685502819,-1.0339013483816473,C
Edad media en Fondo A,48,55.0,0.8,90.0,A,4,0.3333333333333333,116.17469473806226,114.72222803616243,-1.452466701899823,C
Edad media en Fondo A,48,55.0,0.8,90.0,A,5,0.4166666666666667,122.95601966820168,121.06317315893249,-1.8928465092691908,C
Edad media en Fondo A,48,55.0,0.8,90.0,A,6,0.5,129.82962327955497,127.46183453167137,-2.367788747883594,C
Edad media en Fondo A,48,55.0,0.8,90.0,A,7,0.5833333333333334,136.8445928328988,133.9421906812686,-2.9024021516301843,C
Edad media en Fondo A,48,55.0,0.8,90.0,A,8,0.6666666666666666,144.05546823489018,140.53084173289486,-3.5246265019953285,C
Edad media en Fondo A,48,55.0,0.8,90.0,A,9,0.75,151.4945317343318,147.24190449032625,-4.252627244005538,C
Edad media en Fondo A,48,55.0,0.8,90.0,A,10,0.8333333333333334,159.14692307581686,154.06377717217478,-5.083145903642077,C
Edad media en Fondo A,48,55.0,0.8,90.0,A,11,0.9166666666666666,166.93774072201606,160.95287624755701,-5.9848644744590445,C
Edad media en Fondo A,48,55.0,0.8,90.0,A,12,1.0,174.737453959392,167.83761714406242,-6.899836815329593,C
Edad media en Fondo A,48,55.0,0.8,90.0,A,13,1.0833333333333333,182.38685132476377,174.63281103654361,-7.754040288220153,C
Edad media en Fondo A,48,55.0,0.8,90.0,A,14,1.1666666666666667,189.7361623720189,181.26102252249285,-8.475139849526045,C
Edad media en Fondo A,48,55.0,0.8,90.0,A,15,1.25,196.68673748084757,187.67441936389412,-9.012318116953452,C
Edad media en Fondo A,48,55.0,0.8,90.0,A,16,1.3333333333333333,203.22069225436016,193.86958631733958,-9.351105937020577,C
Edad media en Fondo A,48,55.0,0.8,90.0,A,17,1.4166666666666667,209.4067135092368,199.88954122950292,-9.51717227973387,C
Edad media en Fondo A,48,55.0,0.8,90.0,A,18,1.5,215.37856130702102,205.8114384194877,-9.567122887533316,C
Edad media en Fondo A,48,55.0,0.8,90.0,A,19,1.5833333333333333,221.29309477438164,211.7235260436689,-9.569568730712746,C
Edad media en Fondo A,48,55.0,0.8,90.0,A,20,1.6666666666666667,227.2820864611533,217.69874354532288,-9.583342915830428,C
Edad media en Fondo A,48,55.0,0.8,90.0,A,21,1.75,233.41381506893694,223.77351469597417,-9.64030037296277,C
Edad media en Fondo A,48,55.0,0.8,90.0,A,22,1.8333333333333333,239.67678416064206,229.938668155805,-9.738116004837053,C
Edad media en Fondo A,48,55.0,0.8,90.0,A,23,1.9166666666666667,245.99104003572387,236.14575952813954,-9.845280507584334,C
Edad media en Fondo A,48,55.0,0.8,90.0,A,24,2.0,252.2444366185317,242.32742205380865,-9.917014564723047,C
Edad media en Fondo A,48,55.0,0.8,90.0,A,25,2.0833333333333335,211.41368630757896,222.64029230756287,11.226605999983917,C
Edad media en Fondo A,48,55.0,0.8,90.0,A,26,2.1666666666666665,200.56650528561312,218.55302286111623,17.986517575503115,C
Edad media en Fondo A,48,55.0,0.8,90.0,A,27,2.25,222.20580907619257,234.29874194843623,12.092932872243665,C
Edad media en Fondo A,48,55.0,0.8,90.0,A,28,2.3333333333333335,239.190413253738,246.9272455321852,7.736832278447196,C
Edad media en Fondo A,48,55.0,0.8,90.0,A,29,2.4166666666666665,245.26801806312287,252.97904978338224,7.711031720259371,C
Edad media en Fondo A,48,55.0,0.8,90.0,A,30,2.5,251.79848918795648,259.28641257970213,7.487923391745653,C
Edad media en Fondo A,48,55.0,0.8,90.0,A,31,2.5833333333333335,258.94254633264694,265.946551636041,7.004005303394081,C
Edad media en Fondo A,48,55.0,0.8,90.0,A,32,2.6666666666666665,266.77383095842885,273.005987496714,6.232156538285153,C
Edad media en Fondo A,48,55.0,0.8,90.0,A,33,2.75,275.25944958072296,280.44878689829534,5.189337317572381,C
Edad media en Fondo A,48,55.0,0.8,90.0,A,34,2.8333333333333335,284.26893469921123,288.20221002001114,3.9332753207999076,C
Edad media en Fondo A,48,55.0,0.8,90.0,A,35,2.9166666666666665,293.6103074909539,296.1584653613806,2.548157870426678,C
Edad media en Fondo A,48,55.0,0.8,90.0,A,36,3.0,303.084193250638,304.2063686488164,1.122175398178399,C
Edad media en Fondo A,48,55.0,0.8,90.0,A,37,3.0833333333333335,312.54008459017365,312.2630827331667,-0.277001857006951,C
Edad media en Fondo A,48,55.0,0.8,90.0,A,38,3.1666666666666665,321.91583261046674,320.2952471316496,-1.6205854788171337,C
Edad media en Fondo A,48,55.0,0.8,90.0,A,39,3.25,331.2451806929604,328.321652692222,-2.923528000738372,C
Edad media en Fondo A,48,55.0,0.8,90.0,A,40,3.3333333333333335,340.6286764178465,336.39569118241553,-4.232985235430988,C
Edad media en Fondo A,48,55.0,0.8,90.0,A,41,3.4166666666666665,350.17665411632964,344.57298196125896,-5.603672155070683,C
Edad media en Fondo A,48,55.0,0.8,90.0,A,42,3.5,359.9434333423565,352.87507414575504,-7.068359196601477,C
Edad media en Fondo A,48,55.0,0.8,90.0,A,43,3.5833333333333335,369.8755265640551,361.2619701517516,-8.613556412303524,C
Edad media en Fondo A,48,55.0,0.8,90.0,A,44,3.6666666666666665,379.7930535819546,369.6239741285337,-10.16907945342092,C
Edad media en Fondo A,48,55.0,0.8,90.0,A,45,3.75,389.4144070378565,377.7978145477508,-11.616592490105688,C
Edad media en Fondo A,48,55.0,0.8,90.0,A,46,3.8333333333333335,398.4214602436197,385.60450976791583,-12.81695047570389,C
Edad media en Fondo A,48,55.0,0.8,90.0,A,47,3.9166666666666665,400.8006410867566,387.1619686413523,-13.638672445404325,C
Edad media en Fondo A,48,55.0,0.8,90.0,A,48,4.0,402.16228278143217,388.13125823773066,-14.031024543701506,C
Edad media en Fondo A,48,55.0,0.8,90.0,A,49,4.083333333333333,402.5920867506289,388.56795539352356,-14.024131357105318,C
Edad media en Fondo A,48,55.0,0.8,90.0,A,50,4.166666666666667,402.34684716839894,388.62269808406137,-13.724149084337569,C
Edad media en Fondo A,48,55.0,0.8,90.0,A,51,4.25,401.7902811106953,388.505533432142,-13.284747678553288,C
Edad media en Fondo A,48,55.0,0.8,90.0,A,52,4.333333333333333,401.30014667087073,388.43457326892513,-12.865573401945596,C
Edad media en Fondo A,48,55.0,0.8,90.0,A,53,4.416666666666667,401.1774519978344,388.58511091917717,-12.592341078657228,C
Edad media en Fondo A,48,55.0,0.8,90.0,A,54,4.5,401.5849975460623,389.0542144092135,-12.530783136848811,C
Edad media en Fondo A,48,55.0,0.8,90.0,A,55,4.583333333333333,402.5307207243383,389.8501029193786,-12.680617804959695,C
Edad media en Fondo A,48,55.0,0.8,90.0,A,56,4.666666666666667,403.8973326589322,390.9078904618741,-12.98944219705811,C
Edad media en Fondo A,48,55.0,0.8,90.0,A,57,4.75,405.50735378956364,392.125793966502,-13.38155982306165,C
Edad media en Fondo A,48,55.0,0.8,90.0,A,58,4.833333333333333,407.20332225576095,393.41019565582525,-13.793126599935704,C
Edad media en Fondo A,48,55.0,0.8,90.0,A,59,4.916666666666667,408.91809692544643,394.71528447140616,-14.20281245404027,C
Edad media en Fondo A,48,55.0,0.8,90.0,A,60,5.0,410.7121648351478,396.0644564074027,-14.647708427745101,C
Edad media en Fondo A,48,55.0,0.8,90.0,A,61,5.083333333333333,412.76493604764994,397.54637954774654,-15.2185564999034,C
Edad media en Fondo A,48,55.0,0.8,90.0,A,62,5.166666666666667,415.3225523340851,399.28703013844057,-16.035522195644546,C
Edad media en Fondo A,48,55.0,0.8,90.0,A,63,5.25,418.61948383644483,401.4070163179065,-17.212467518538347,C
Edad media en Fondo A,48,55.0,0.8,90.0,A,64,5.333333333333333,422.7990585965986,403.9781282488437,-18.82093034775494,C
Edad media en Fondo A,48,55.0,0.8,90.0,A,65,5.416666666666667,427.8570772408058,406.9929399876613,-20.864137253144463,C
Edad media en Fondo A,48,55.0,0.8,90.0,A,66,5.5,433.62510349629645,410.35706299948646,-23.268040496809988,C
Edad media en Fondo A,48,55.0,0.8,90.0,A,67,5.583333333333333,439.7993366929198,413.90697608705784,-25.89236060586194,C
Edad media en Fondo A,48,55.0,0.8,90.0,A,68,5.666666666666667,446.00917863654945,417.44893502925527,-28.560243607294183,C
Edad media en Fondo A,48,55.0,0.8,90.0,A,69,5.75,451.9078532220612,420.80788485326656,-31.099968368794634,C
Edad media en Fondo A,48,55.0,0.8,90.0,A,70,5.833333333333333,457.2583437743386,423.8713717048149,-33.386972069523665,C
Edad media en Fondo A,48,55.0,0.8,90.0,A,71,5.916666666666667,461.9861018081439,426.61401648161444,-35.372085326529486,C
Edad media en Fondo A,48,55.0,0.8,90.0,A,72,6.0,466.17902626292744,429.0938895158481,-37.08513674707933,C
Edad media en Fondo A,48,55.0,0.8,90.0,A,73,6.083333333333333,365.6093447088979,376.497549535029,10.88820482613113,C
Edad media en Fondo A,48,55.0,0.8,90.0,A,74,6.166666666666667,406.9006218642754,401.08638955497025,-5.814232309305169,C
Edad media en Fondo A,48,55.0,0.8,90.0,A,75,6.25,435.7549118772441,417.6749608814775,-18.079950995766637,C
Edad media en Fondo A,48,55.0,0.8,90.0,A,76,6.333333333333333,439.1910067871557,419.92685990949906,-19.26414687765663,C
Edad media en Fondo A,48,55.0,0.8,90.0,A,77,6.416666666666667,442.4977604844609,422.1161175312105,-20.381642953250434,C
Edad media en Fondo A,48,55.0,0.8,90.0,A,78,6.5,445.42265431996543,424.095062035567,-21.327592284398406,C
Edad media en Fondo A,48,55.0,0.8,90.0,A,79,6.583333333333333,447.683886090025,425.70089376102476,-21.98299232900024,C
Edad media en Fondo A,48,55.0,0.8,90.0,A,80,6.666666666666667,449.0681035940688,426.8096617289114,-22.25844186515741,C
Edad media en Fondo A,48,55.0,0.8,90.0,A,81,6.75,449.51546023959474,427.3826711187857,-22.132789120809036,C
Edad media en Fondo A,48,55.0,0.8,90.0,A,82,6.833333333333333,449.161752889017,427.4896722088053,-21.672080680211707,C
Edad media en Fondo A,48,55.0,0.8,90.0,A,83,6.916666666666667,448.3211766468551,427.30043088264483,-21.02074576421029,C
Edad media en Fondo A,48,55.0,0.8,90.0,A,84,7.0,447.41475327481993,427.0470142959366,-20.367738978883324,C
Edad media en Fondo A,48,55.0,0.8,90.0,A,85,7.083333333333333,446.86896262289235,427.2345164863789,-19.634446136513475,D
Edad media en Fondo A,48,55.0,0.8,90.0,A,86,7.166666666666667,447.0176694058571,427.61810137727684,-19.399568028580234,D
Edad media en Fondo A,48,55.0,0.8,90.0,A,87,7.25,448.0360450563865,428.26942061275776,-19.766624443628757,D
Edad media en Fondo A,48,55.0,0.8,90.0,A,88,7.333333333333333,449.9225333638839,429.20500441155014,-20.717528952333737,D
Edad media en Fondo A,48,55.0,0.8,90.0,A,89,7.416666666666667,452.530358759153,430.39388703395724,-22.136471725195747,D
Edad media en Fondo A,48,55.0,0.8,90.0,A,90,7.5,455.63733205522146,431.7779541040553,-23.859377951166152,D
Edad media en Fondo A,48,55.0,0.8,90.0,A,91,7.583333333333333,459.0329107354066,433.2979874303346,-25.73492330507196,D
Edad media en Fondo A,48,55.0,0.8,90.0,A,92,7.666666666666667,462.5959207749094,434.9167751620311,-27.6791456128783,D
Edad media en Fondo A,48,55.0,0.8,90.0,A,93,7.75,466.33768668294795,436.631653968691,-29.706032714256935,D
Edad media en Fondo A,48,55.0,0.8,90.0,A,94,7.833333333333333,470.3953489756169,438.4723271369847,-31.923021838632224,D
Edad media en Fondo A,48,55.0,0.8,90.0,A,95,7.916666666666667,474.97666147563524,440.48474603962757,-34.49191543600767,D
Edad media en Fondo A,48,55.0,0.8,90.0,A,96,8.0,480.27415045747824,442.7065838371325,-37.56756662034576,D
Edad media en Fondo A,48,55.0,0.8,90.0,A,97,8.083333333333334,486.3764214056481,445.142727171822,-41.2336942338261,D
Edad media en Fondo A,48,55.0,0.8,90.0,A,98,8.166666666666666,493.2047831717615,447.749352010796,-45.45543116096553,D
Edad media en Fondo A,48,55.0,0.8,90.0,A,99,8.25,500.4958938107941,450.4326077807003,-50.063286030093764,D
Edad media en Fondo A,48,55.0,0.8,90.0,A,100,8.333333333333334,507.8389974205544,453.06353484539466,-54.775462575159736,D
Edad media en Fondo A,48,55.0,0.8,90.0,A,101,8.416666666666666,514.7616465553187,455.50579082242643,-59.255855732892314,D
Edad media en Fondo A,48,55.0,0.8,90.0,A,102,8.5,520.8424178494304,457.64843521979697,-63.19398262963341,D
Edad media en Fondo A,48,55.0,0.8,90.0,A,103,8.583333333333334,525.8170740063717,459.4338086813407,-66.38326532503106,D
Edad media en Fondo A,48,55.0,0.8,90.0,A,104,8.666666666666666,529.6423035330355,460.87147209354134,-68.77083143949415,D
Edad media en Fondo A,48,55.0,0.8,90.0,A,105,8.75,532.4931056316407,462.0333104279262,-70.45979520371446,D
Edad media en Fondo A,48,55.0,0.8,90.0,A,106,8.833333333333334,534.6933948622496,463.0309926040213,-71.66240225822833,D
Edad media en Fondo A,48,55.0,0.8,90.0,A,107,8.916666666666666,536.6041511178462,463.9827778249562,-72.62137329288998,D
Edad media en Fondo A,48,55.0,0.8,90.0,A,108,9.0,538.5078551807567,464.9800093791487,-73.52784580160795,D
Edad media en Fondo A,48,55.0,0.8,90.0,A,109,9.083333333333334,540.5268958421663,466.0634778972196,-74.46341794494663,D
Edad media en Fondo A,48,55.0,0.8,90.0,A,110,9.166666666666666,542.6002651737464,467.21651331835665,-75.38375185538973,D
Edad media en Fondo A,48,55.0,0.8,90.0,A,111,9.25,544.5240184726216,468.37646818745634,-76.14755028516527,D
Edad media en Fondo A,48,55.0,0.8,90.0,A,112,9.333333333333334,546.0421454834839,469.46074537480104,-76.58140010868283,D
Edad media en Fondo A,48,55.0,0.8,90.0,A,113,9.416666666666666,546.9591072126584,470.39915147847535,-76.55995573418306,D
Edad media en Fondo A,48,55.0,0.8,90.0,A,114,9.5,553.2803210835776,477.2124031291146,-76.06791795446304,D
Edad media en Fondo A,48,55.0,0.8,90.0,A,115,9.583333333333334,559.1276737515595,483.888369506585,-75.23930424497456,D
Edad media en Fondo A,48,55.0,0.8,90.0,A,116,9.666666666666666,564.8560893752175,490.50700061032967,-74.34908876488782,D
Edad media en Fondo A,48,55.0,0.8,90.0,A,117,9.75,570.9423726648918,497.18722059939796,-73.7551520654938,D
Edad media en Fondo A,48,55.0,0.8,90.0,A,118,9.833333333333334,577.869211155482,504.05662098693335,-73.8125901685487,D
Edad media en Fondo A,48,55.0,0.8,90.0,A,119,9.916666666666666,586.0061833888992,511.21837348992665,-74.78780989897257,D
Edad media en Fondo A,48,55.0,0.8,90.0,A,120,10.0,595.5231265527714,518.7257826444443,-76.7973439083271,D
Próxima al retiro en Fondo A,60,45.0,0.6,180.0,A,0,0.0,180.0,180.0,0.0,D
Próxima al retiro en Fondo A,60,45.0,0.6,180.0,A,1,0.08333333333333333,186.10146,185.22231749999997,-0.8791425000000288,D
Próxima al retiro en Fondo A,60,45.0,0.6,180.0,A,2,0.16666666666666666,192.4783628136889,190.5608217792045,-1.917541034484401,D
Próxima al retiro en Fondo A,60,45.0,0.6,180.0,A,3,0.25,199.02191792555413,195.97837025009468,-3.0435476754594504,D
Próxima al retiro en Fondo A,60,45.0,0.6,180.0,A,4,0.3333333333333333,205.65337098380834,201.4453552966056,-4.208015687202732,D
Próxima al retiro en Fondo A,60,45.0,0.6,180.0,A,5,0.4166666666666667,212.3496601020761,206.94793490564604,-5.40172519643005,D
Próxima al retiro en Fondo A,60,45.0,0.6,180.0,A,6,0.5,219.14838569104876,212.48980070773032,-6.658584983318434,D
Próxima al retiro en Fondo A,60,45.0,0.6,180.0,A,7,0.5833333333333334,226.12891253313396,218.08672539659474,-8.042187136539212,D
Próxima al retiro en Fondo A,60,45.0,0.6,180.0,A,8,0.6666666666666666,233.37491799064912,223.75565311613798,-9.619264874511146,D
Próxima al retiro en Fondo A,60,45.0,0.6,180.0,A,9,0.75,240.93045593084742,229.50210407749057,-11.428351853356844,D
Próxima al retiro en Fondo A,60,45.0,0.6,180.0,A,10,0.8333333333333334,248.7641909077545,235.31044003939388,-13.453750868360629,D
Próxima al retiro en Fondo A,60,45.0,0.6,180.0,A,11,0.9166666666666666,256.7545622237092,241.14081805890288,-15.613744164806292,D
Próxima al retiro en Fondo A,60,45.0,0.6,180.0,A,12,1.0,264.70320164331815,246.93465459676858,-17.76854704654957,D
Próxima al retiro en Fondo A,60,45.0,0.6,180.0,A,13,1.0833333333333333,272.3759682900568,252.62768400801568,-19.748284282041112,D
Próxima al retiro en Fondo A,60,45.0,0.6,180.0,A,14,1.1666666666666667,279.56172902553,258.16700613813987,-21.394722887390117,D
Próxima al retiro en Fondo A,60,45.0,0.6,180.0,A,15,1.25,286.1310801547153,263.5267699760138,-22.604310178701496,D
Próxima al retiro en Fondo A,60,45.0,0.6,180.0,A,16,1.3333333333333333,292.0744965444766,268.71709490710714,-23.357401637369435,D
Próxima al retiro en Fondo A,60,45.0,0.6,180.0,A,17,1.4166666666666667,297.5048709995224,273.7827376189013,-23.722133380621074,D
Próxima al retiro en Fondo A,60,45.0,0.6,180.0,A,18,1.5,302.62202686213027,278.7913319162798,-23.830694945850496,D
Próxima al retiro en Fondo A,60,45.0,0.6,180.0,A,19,1.5833333333333333,307.6510160343826,283.81455774722934,-23.836458287153278,D
Próxima al retiro en Fondo A,60,45.0,0.6,180.0,A,20,1.6666666666666667,312.77521240369987,288.9080168242258,-23.86719557947407,D
Próxima al retiro en Fondo A,60,45.0,0.6,180.0,A,21,1.75,318.0860187062074,294.0960882213522,-23.989930484855222,D
Próxima al retiro en Fondo A,60,45.0,0.6,180.0,A,22,1.8333333333333333,323.56465044386255,299.36655707995646,-24.198093363906082,D
Próxima al retiro en Fondo A,60,45.0,0.6,180.0,A,23,1.9166666666666667,329.10139118301896,304.67690262978863,-24.424488553230333,D
Próxima al retiro en Fondo A,60,45.0,0.6,180.0,A,24,2.0,334.5467986830075,309.97063043403534,-24.57616824897218,D
Próxima al retiro en Fondo A,60,45.0,0.6,180.0,A,25,2.0833333333333335,278.0565031862443,296.7970387496671,18.74053556342278,D
Próxima al retiro en Fondo A,60,45.0,0.6,180.0,A,26,2.1666666666666665,261.21073215001024,294.44773244837256,33.23700029836232,D
Próxima al retiro en Fondo A,60,45.0,0.6,180.0,A,27,2.25,286.4605475933828,306.8850212902365,20.424473696853738,D
Próxima al retiro en Fondo A,60,45.0,0.6,180.0,A,28,2.3333333333333335,305.57539100528396,316.8295520350884,11.254161029804436,D
Próxima al retiro en Fondo A,60,45.0,0.6,180.0,A,29,2.4166666666666665,310.74922376001655,321.9488068513657,11.199583091349155,D
Próxima al retiro en Fondo A,60,45.0,0.6,180.0,A,30,2.5,316.48569696187377,327.2295865184574,10.74388955658361,D
Próxima al retiro en Fondo A,60,45.0,0.6,180.0,A,31,2.5833333333333335,322.97686981737326,332.7425329002493,9.765663082876017,D
Próxima al retiro en Fondo A,60,45.0,0.6,180.0,A,32,2.6666666666666665,330.3031828281394,338.5232661903083,8.22008336216885,D
Próxima al retiro en Fondo A,60,45.0,0.6,180.0,A,33,2.75,338.4129795561587,344.56457134815975,6.1515917920010565,D
Próxima al retiro en Fondo A,60,45.0,0.6,180.0,A,34,2.8333333333333335,347.1371287603667,350.82090792215996,3.683779161793268,D
Próxima al retiro en Fondo A,60,45.0,0.6,180.0,A,35,2.9166666666666665,356.2357067309407,357.22374272834196,0.9880359974012549,D
Próxima al retiro en Fondo A,60,45.0,0.6,180.0,A,36,3.0,365.4647129024853,363.7028417703344,-1.7618711321509295,D
Próxima al retiro en Fondo A,60,45.0,0.6,180.0,A,37,3.0833333333333335,374.643241892132,370.2066122468362,-4.436629645295795,D
Próxima al retiro en Fondo A,60,45.0,0.6,180.0,A,38,3.1666666666666665,383.6987911490854,376.7146316830518,-6.9841594660336455,D
Próxima al retiro en Fondo A,60,45.0,0.6,180.0,A,39,3.25,392.6736194909028,383.23788083254254,-9.435738658360265,D
Próxima al retiro en Fondo A,60,45.0,0.6,180.0,A,40,3.3333333333333335,401.6879793040001,389.80630031193044,-11.88167899206968,D
Próxima al retiro en Fondo A,60,45.0,0.6,180.0,A,41,3.4166666666666665,410.8717077190234,396.4477338588229,-14.423973860200476,D
Próxima al retiro en Fondo A,60,45.0,0.6,180.0,A,42,3.5,420.28733737433487,403.1655068623387,-17.121830511996166,D
Próxima al retiro en Fondo A,60,45.0,0.6,180.0,A,43,3.5833333333333335,429.8712829714401,409.92270790151184,-19.948575069928268,D
Próxima al retiro en Fondo A,60,45.0,0.6,180.0,A,44,3.6666666666666665,439.41465361179297,416.63944736714654,-22.775206244646427,D
Próxima al retiro en Fondo A,60,45.0,0.6,180.0,A,45,3.75,448.59411673471703,423.2055018885529,-25.38861484616416,D
Próxima al retiro en Fondo A,60,45.0,0.6,180.0,A,46,3.8333333333333335,457.0484386255114,429.5058739647791,-27.542564660732296,D
Próxima al retiro en Fondo A,60,45.0,0.6,180.0,A,47,3.9166666666666665,464.4805868281485,435.45227649308913,-29.02831033505936,D
Próxima al retiro en Fondo A,60,45.0,0.6,180.0,A,48,4.0,470.753300872195,441.0108922171416,-29.742408655053396,D
Próxima al retiro en Fondo A,60,45.0,0.6,180.0,A,49,4.083333333333333,475.94413292186096,446.2171626092168,-29.72697031264414,D
Próxima al retiro en Fondo A,60,45.0,0.6,180.0,A,50,4.166666666666667,480.3379585161229,451.17208449354627,-29.165874022576645,D
Próxima al retiro en Fondo A,60,45.0,0.6,180.0,A,51,4.25,484.3575093214977,456.0204112025588,-28.337098118938854,D
Próxima al retiro en Fondo A,60,45.0,0.6,180.0,A,52,4.333333333333333,488.4553077067932,460.91707699249,-27.538230714303154,D
Próxima al retiro en Fondo A,60,45.0,0.6,180.0,A,53,4.416666666666667,493.0028048592762,465.9918660823261,-27.01093877695007,D
Próxima al retiro en Fondo A,60,45.0,0.6,180.0,A,54,4.5,498.2105829248124,471.32264518888206,-26.887937735930336,D
Próxima al retiro en Fondo A,60,45.0,0.6,180.0,A,55,4.583333333333333,504.10101315675314,476.9245840121523,-27.17642914460083,D
Próxima al retiro en Fondo A,60,45.0,0.6,180.0,A,56,4.666666666666667,510.5384291832714,482.75788171478064,-27.780547468490738,D
Próxima al retiro en Fondo A,60,45.0,0.6,180.0,A,57,4.75,517.3062194430199,488.7510731715926,-28.555146271427304,D
Próxima al retiro en Fondo A,60,45.0,0.6,180.0,A,58,4.833333333333333,524.207294577015,494.8323977178922,-29.37489685912277,D
Próxima al retiro en Fondo A,60,45.0,0.6,180.0,A,59,4.916666666666667,531.156376789644,500.95920168355036,-30.197175106093653,D
Próxima al retiro en Fondo A,60,45.0,0.6,180.0,A,60,5.0,538.2331052678983,507.13581444397596,-31.09729082392232,D
Próxima al retiro en Fondo A,60,45.0,0.6,180.0,A,61,5.083333333333333,545.6764198769359,513.0923658322919,-32.58405404464406,E
Próxima al retiro en Fondo A,60,45.0,0.6,180.0,A,62,5.166666666666667,553.8203944498867,519.0820013039674,-34.738393145919304,E
Próxima al retiro en Fondo A,60,45.0,0.6,180.0,A,63,5.25,562.9917572826186,525.1175328335509,-37.8742244490677,E
Próxima al retiro en Fondo A,60,45.0,0.6,180.0,A,64,5.333333333333333,573.4014349401796,531.2072077997196,-42.19422714045993,E
Próxima al retiro en Fondo A,60,45.0,0.6,180.0,A,65,5.416666666666667,585.0631624592787,537.3481295828387,-47.71503287643998,E
Próxima al retiro en Fondo A,60,45.0,0.6,180.0,A,66,5.5,597.7637345023811,543.5243710923755,-54.23936341000558,E
Próxima al retiro en Fondo A,60,45.0,0.6,180.0,A,67,5.583333333333333,611.0958914336259,549.7106754480295,-61.385215985596346,E
Próxima al retiro en Fondo A,60,45.0,0.6,180.0,A,68,5.666666666666667,624.5486377756775,555.8806363657534,-68.66800140992416,E
Próxima al retiro en Fondo A,60,45.0,0.6,180.0,A,69,5.75,637.6325679590569,562.0165585562772,-75.6160094027797,E
Próxima al retiro en Fondo A,60,45.0,0.6,180.0,A,70,5.833333333333333,650.0033875784873,568.117395387333,-81.88599219115429,E
Próxima al retiro en Fondo A,60,45.0,0.6,180.0,A,71,5.916666666666667,661.5422387728556,574.2015701897428,-87.3406685831128,E
Próxima al retiro en Fondo A,60,45.0,0.6,180.0,A,72,6.0,672.3625076303645,580.3030397515631,-92.05946787880134,E
Próxima al retiro en Fondo A,60,45.0,0.6,180.0,A,73,6.083333333333333,531.058798153423,572.4192603250515,41.360462171628456,E
Próxima al retiro en Fondo A,60,45.0,0.6,180.0,A,74,6.166666666666667,596.3563847193182,585.1239893602792,-11.232395359038946,E
Próxima al retiro en Fondo A,60,45.0,0.6,180.0,A,75,6.25,643.7695015345046,595.4301353542626,-48.339366180241996,E
Próxima al retiro en Fondo A,60,45.0,0.6,180.0,A,76,6.333333333333333,653.6723707062318,601.8433546354064,-51.829016070825446,E
Próxima al retiro en Fondo A,60,45.0,0.6,180.0,A,77,6.416666666666667,663.4227918498731,608.2869316770617,-55.13586017281136,E
Próxima al retiro en Fondo A,60,45.0,0.6,180.0,A,78,6.5,672.6363843270594,614.6916485502522,-57.94473577680719,E
Próxima al retiro en Fondo A,60,45.0,0.6,180.0,A,79,6.583333333333333,680.8761253877237,620.9825273736684,-59.89359801405533,E
Próxima al retiro en Fondo A,60,45.0,0.6,180.0,A,80,6.666666666666667,687.8008658668208,627.0970975630271,-60.70376830379371,E
Próxima al retiro en Fondo A,60,45.0,0.6,180.0,A,81,6.75,693.2994691802605,633.0017222595735,-60.29774692068702,E
Próxima al retiro en Fondo A,60,45.0,0.6,180.0,A,82,6.833333333333333,697.5627725763734,638.7013487082944,-58.86142386807899,E
Próxima al retiro en Fondo A,60,45.0,0.6,180.0,A,83,6.916666666666667,701.0649310712125,644.2398629119567,-56.82506815925581,E
Próxima al retiro en Fondo A,60,45.0,0.6,180.0,A,84,7.0,704.458369895269,649.6909821410841,-54.76738775418494,E
Próxima al retiro en Fondo A,60,45.0,0.6,180.0,A,85,7.083333333333333,708.4177414866526,655.1424080340643,-53.27533345258837,E
Próxima al retiro en Fondo A,60,45.0,0.6,180.0,A,86,7.166666666666667,713.4837032657243,660.6778536477559,-52.80584961796842,E
Próxima al retiro en Fondo A,60,45.0,0.6,180.0,A,87,7.25,719.9527561603496,666.3619523235635,-53.59080383678611,E
Próxima al retiro en Fondo A,60,45.0,0.6,180.0,A,88,7.333333333333333,727.8411601306628,672.2318977694582,-55.60926236120463,E
Próxima al retiro en Fondo A,60,45.0,0.6,180.0,A,89,7.416666666666667,736.9285427797087,678.2973997110787,-58.63114306862997,E
Próxima al retiro en Fondo A,60,45.0,0.6,180.0,A,90,7.5,746.8660466833499,684.5479126143,-62.31813406904985,E
Próxima al retiro en Fondo A,60,45.0,0.6,180.0,A,91,7.583333333333333,757.3167761723869,690.9639060715047,-66.35287010088223,E
Próxima al retiro en Fondo A,60,45.0,0.6,180.0,A,92,7.666666666666667,768.0854242144082,697.5278427301528,-70.55758148425548,E
Próxima al retiro en Fondo A,60,45.0,0.6,180.0,A,93,7.75,774.2981808032957,699.361362585693,-74.93681821760276,E
Próxima al retiro en Fondo A,60,45.0,0.6,180.0,A,94,7.833333333333333,781.0354457107827,701.3152955879149,-79.72015012286784,E
Próxima al retiro en Fondo A,60,45.0,0.6,180.0,A,95,7.916666666666667,788.6421694128439,703.3898849175933,-85.25228449525059,E
Próxima al retiro en Fondo A,60,45.0,0.6,180.0,A,96,8.0,797.4380188554289,705.5771653477227,-91.86085350770622,E
Próxima al retiro en Fondo A,60,45.0,0.6,180.0,A,97,8.083333333333334,807.5701128912883,707.8512088089776,-99.7189040823107,E
Próxima al retiro en Fondo A,60,45.0,0.6,180.0,A,98,8.166666666666666,818.907794241848,710.163167271674,-108.74462697017407,E
Próxima al retiro en Fondo A,60,45.0,0.6,180.0,A,99,8.25,831.0138149754387,712.4439233198749,-118.56989165556377,E
Próxima al retiro en Fondo A,60,45.0,0.6,180.0,A,100,8.333333333333334,843.2061638437666,714.6147136996028,-128.5914501441638,E
Próxima al retiro en Fondo A,60,45.0,0.6,180.0,A,101,8.416666666666666,854.7003981389071,716.6033714811701,-138.09702665773693,E
Próxima al retiro en Fondo A,60,45.0,0.6,180.0,A,102,8.5,864.7967945601395,718.3616992606427,-146.43509529949677,E
Próxima al retiro en Fondo A,60,45.0,0.6,180.0,A,103,8.583333333333334,873.0566185512903,719.8786791091915,-153.17793944209882,E
Próxima al retiro en Fondo A,60,45.0,0.6,180.0,A,104,8.666666666666666,879.4079565371145,721.1851147146275,-158.222841822487,E
Próxima al retiro en Fondo A,60,45.0,0.6,180.0,A,105,8.75,884.1413738478217,722.3477016084368,-161.79367223938493,E
Próxima al retiro en Fondo A,60,45.0,0.6,180.0,A,106,8.833333333333334,887.7946920272292,723.453689170519,-164.34100285671013,E
Próxima al retiro en Fondo A,60,45.0,0.6,180.0,A,107,8.916666666666666,890.9672751894233,724.5901785871736,-166.3770966022497,E
Próxima al retiro en Fondo A,60,45.0,0.6,180.0,A,108,9.0,894.1281490256861,725.8237367435894,-168.30441228209668,E
Próxima al retiro en Fondo A,60,45.0,0.6,180.0,A,109,9.083333333333334,897.4805255454079,727.185899827474,-170.29462571793385,E
Próxima al retiro en Fondo A,60,45.0,0.6,180.0,A,110,9.166666666666666,900.9231083505744,728.6683914400055,-172.25471691056885,E
Próxima al retiro en Fondo A,60,45.0,0.6,180.0,A,111,9.25,904.1172715549867,730.2290728251155,-173.8881987298712,E
Próxima al retiro en Fondo A,60,45.0,0.6,180.0,A,112,9.333333333333334,906.6379406244332,731.8066097651224,-174.8313308593108,E
Próxima al retiro en Fondo A,60,45.0,0.6,180.0,A,113,9.416666666666666,908.1604463515947,733.3394299174853,-174.82101643410942,E
Próxima al retiro en Fondo A,60,45.0,0.6,180.0,A,114,9.5,908.6218416031131,734.7834344784006,-173.8384071247125,E
Próxima al retiro en Fondo A,60,45.0,0.6,180.0,A,115,9.583333333333334,908.3003249539237,736.1234633544514,-172.17686159947232,E
Próxima al retiro en Fondo A,60,45.0,0.6,180.0,A,116,9.666666666666666,907.7830465713179,737.3755657416347,-170.4074808296832,E
Próxima al retiro en Fondo A,60,45.0,0.6,180.0,A,117,9.75,907.8323050822194,738.5800697572092,-169.25223532501013,E
Próxima al retiro en Fondo A,60,45.0,0.6,180.0,A,118,9.833333333333334,909.1956380424524,739.7883138457719,-169.40732419668052,E
Próxima al retiro en Fondo A,60,45.0,0.6,180.0,A,119,9.916666666666666,912.421180421348,741.0477456398171,-171.37343478153093,E
Próxima al retiro en Fondo A,60,45.0,0.6,180.0,A,120,10.0,917.73250644117,742.3903271709239,-175.3421792702461,E
